{"cameraMode":{"drawMode":0,"name":"Shaded","section":"Shading Mode"},"sceneLighting":true,"audioPlay":false,"sceneViewState":{"m_AlwaysRefresh":false,"showFog":true,"showSkybox":true,"showFlares":true,"showImageEffects":true,"showParticleSystems":true,"showVisualEffectGraphs":true,"m_FxEnabled":true},"in2DMode":false,"pivot":{"x":-3.291874885559082,"y":2.039375066757202,"z":5.900000095367432},"rotation":{"x":0.005668440833687782,"y":0.005524180363863707,"z":0.003244289429858327,"w":-1.000390887260437},"size":0.5529776215553284,"orthographic":true}